{"Electronics_5": {"Jan": 0.8272040698716414, "Feb": -0.1272803653127537, "Mar": 0.9271600188568909, "Apr": 0.9270880428450257, "May": 0.9232679413611775, "Jun": -0.92501868298682, "Jul": -0.8193198850417684, "Aug": 0.7186994004238919, "Sep": 0.5231943799652783, "Oct": -0.3173968731963533, "Nov": 0.921967033510939, "Dec": 0.8188093120864491}, "Books_5": {"Jan": 0.9338123541944139, "Feb": 0.9302441698875752, "Mar": -0.2283308077677197, "Apr": 0.3303977000053513, "May": -0.9259105450904613, "Jun": -0.5273212520532365, "Jul": 0.4255271966079361, "Aug": 0.1286753646719382, "Sep": 0.7340888488866274, "Oct": -0.8297638553216943, "Nov": 0.4299368637188588, "Dec": 0.9286004572502543}, "Sports_and_Outdoors_5": {"Jan": 0.5432762204797325, "Feb": 0.941006116908336, "Mar": 0.8391255152889094, "Apr": 0.9368381488102869, "May": -0.335840615688158, "Jun": -0.9334476249783269, "Jul": 0.1329770612680399, "Aug": -0.7336448006532547, "Sep": -0.534889792393201, "Oct": 0.4352690346146126, "Nov": 0.2320454006556337, "Dec": 0.8307002695520108}, "Home_and_Kitchen_5": {"Jan": 0.9429335672328202, "Feb": 0.7392561351863385, "Mar": -0.2377690240873439, "Apr": 0.6362590046541565, "May": 0.4324257858635139, "Jun": 0.9370456808636706, "Jul": 0.9336350167748205, "Aug": 0.2340241662003198, "Sep": 0.4332145228055023, "Oct": -0.1326092241373154, "Nov": 0.3309717808235194, "Dec": -0.4322268188516059}, "Clothing_Shoes_and_Jewelry_5": {"Jan": 0.6462935977636194, "Feb": 0.738389236954107, "Mar": -0.5411206783682264, "Apr": -0.9356956438988371, "May": -0.13461599801782, "Jun": 0.1357692281016972, "Jul": -0.5359565386237871, "Aug": 0.2374967888930418, "Sep": 0.435089463547001, "Oct": 0.8365838210914563, "Nov": 0.2359201317473138, "Dec": 0.3318047888951666}}